,#,ElInput,ElAutocomplete,ElInputNumber,ElSelect,ElSelect multiple,ElSelect remote,ElCascader,ElDatePicker,ElDatePicker,ElTimeSelect,ElSwitch,ElSlider,ElRate
FALSE,1,name_555,前端,28,男,,label:Iowa,广东 / 深圳市 / 龙岗区,2019/01/05,,09:00,,,
FALSE,2,test_523,测试,18,女,女,,北京 / 北京市 / 朝阳区,2019/02/09,,09:00,,,
FALSE,3,name_14,设计,23,,女,label:Iowa,上海 / 上海市 / 黄浦区,2019/02/06,,09:00,,,
FALSE,4,test_572,设计,24,,男,label:Washington,上海 / 上海市 / 黄浦区,2019/02/18,,09:00,,,
FALSE,5,test_312,设计,22,男,女,label:Indiana,北京 / 北京市 / 朝阳区,2019/02/09,,09:00,,,
FALSE,6,test_638,设计,29,女,男,,广东 / 深圳市 / 龙岗区,2019/02/05,,09:00,,,
FALSE,7,test_533,设计,19,女,男,label:Delaware,北京 / 北京市 / 朝阳区,2019/01/22,,09:00,,,
FALSE,8,name_495,前端,21,女,男,label:Indiana,广东 / 深圳市 / 龙岗区,2019/01/11,,09:00,,,
FALSE,9,test_308,设计,20,男,男,,北京 / 北京市 / 朝阳区,2019/01/06,,09:00,,,
FALSE,10,name_179,项目经理,28,女,女,label:Indiana,上海 / 上海市 / 黄浦区,2019/02/14,,09:00,,,
